k,BIC,AIC,time_s
2,360348.5854221059,360057.77207898337,0.38089895248413086
3,357064.5717471107,356624.1972560965,2.766651153564453
4,356025.03862953384,355435.1029906281,2.988618850708008
5,355218.4020824468,354478.9052956494,3.206221580505371
6,355265.72049301525,354376.6625583263,3.1678647994995117
7,354875.72633933596,353837.1072567554,3.489833354949951
